<resources>
	<menu id="MainMenu">
	    <menu-item id="exit">@Strings.exit</menu-item>
    	<menu-item id="sightIn">@Strings.sightIn</menu-item>        
    	<menu-item id="range">@Strings.range</menu-item>
    	<menu-item id="reference">@Strings.reference</menu-item>    	
    	<menu-item id="clicks">@Strings.clicks</menu-item> 
    	<menu-item id="rings">@Strings.rings</menu-item>     	
    	<menu-item id="usge">@Strings.usge</menu-item>       
    	<menu-item id="settings">@Strings.settings</menu-item>      	
	</menu>

</resources>
