<resources>
    <!-- App -->
    <string id="AppName">ShotTimer</string>
    <!-- Main View -->
    <string id="exit">Exit</string>
    <string id="timing">Timing</string>
    <string id="recoil">Recoil</string>
    <string id="mode">Mode</string>    
    <string id="showSettings">Show Settings</string>

    <!-- String Picker -->
    <string id="stringPickerTitle">String Time</string>
    <string id="time10s">10s</string>
    <string id="time30s">30s</string>
    <string id="time60s">60s</string>   
    <string id="time10m">10m</string>
    <string id="time30m">30m</string>
    <string id="time40m">40m</string>     
    
    <!-- Recoil Picker -->
    <string id="recoilPickerTitle">Recoil</string>
    <string id="rimfire">Rim</string>
    <string id="low">Low</string>
    <string id="medium">Med</string>
    <string id="high">Hi</string>
    <string id="magnum">Mag</string>    
    
    <!-- Mode Picker -->
    <string id="modePickerTitle">Start Mode</string>
    <string id="fixed">Fix</string>
    <string id="random">Rand</string>
    <string id="auto">Auto</string>

</resources>
