<resources>
    <!-- App -->
    <string id="AppName">SightTool</string>
    
    <!-- Main View -->
    <string id="exit">Exit</string>
    <string id="range">Distance</string>
    <string id="reference">Reference</string>    
    <string id="clicks">Clicks per Ring</string>    
    <string id="rings">No of Rings</string>        
    <string id="usge">US/EU</string>
    <string id="settings">Settings</string>
    <string id="sightIn">Sight In</string>    
    
    <!-- Distance Picker -->
    <string id="referencePickerTitleUS">Reference (ft)</string>
    <string id="referencePickerTitleEU">Reference (m)</string>     
    <string id="rangePickerTitleUS">Range (ft)</string>
    <string id="rangePickerTitleEU">Range (m)</string>    
    <string id="r10">10</string>
    <string id="r25">25</string>    
    <string id="r33">33</string>       
    <string id="r50">50</string>    
    <string id="r100">100</string>    
    <string id="r200">200</string>    
    <string id="r300">300</string>  
              
    <!-- Rings Picker -->
    <string id="clickPickerTitle">Clicks per Ring</string>
    <string id="s1">1</string>
    <string id="s2">2</string>
    <string id="s3">3</string>
    <string id="s4">4</string>   
    <string id="s5">5</string>     
    <string id="s6">6</string>
    <string id="s7">7</string>
    <string id="s8">8</string>
    <string id="s9">9</string>   
    <string id="s10">10</string>  
    <string id="s11">11</string>
    <string id="s12">12</string>
    <string id="s13">13</string>
    <string id="s14">14</string>   
    <string id="s15">15</string>     
    <string id="s16">16</string>
    <string id="s17">17</string>
    <string id="s18">18</string>
    <string id="s19">19</string>   
    <string id="s20">20</string>  
                       
    <!-- Type Picker -->
    <string id="typePickerTitle">US/EU</string>
    <string id="us">US</string>
    <string id="eu">EU</string>
    
    <!-- Rings Count -->
    <string id="scorePickerTitle">Ring</string>
    <string id="score10">10</string>
    <string id="score9">9</string>
    <string id="score8">8</string>
    <string id="score7">7</string>   
    <string id="score6">6</string>           
    <string id="score5">5</string>        
    <string id="score4">4</string>       
    <string id="score3">3</string>   
    <string id="score2">2</string>   
    <string id="score1">1</string>      
</resources>
