<resources>
    <!-- App -->
    <string id="AppName">ShotTimer</string>
    <!-- Main View -->
    <string id="exit">Exit</string>
    <string id="timing">Timing</string>
    <string id="shots"># Shots</string>    
    <string id="recoil">Recoil</string>
    <string id="mode">Mode</string>    
    <string id="showSettings">Show Settings</string>
    
    <!-- String Picker -->
    <string id="stringPickerTitle">String Time</string>
    <string id="time10s">10s</string>
    <string id="time20s">20s</string>    
    <string id="time30s">30s</string>
    <string id="time60s">60s</string>   
    <string id="time10m">10m</string>
    <string id="time30m">30m</string>
    <string id="time40m">40m</string>     
    <string id="timeRapid">Rapd</string>
    <string id="timeTimed">Timd</string>    
    <string id="timeSlow">Slow</string>
    <string id="timeProne">Pron</string>    
    <string id="timeKneeling">Knel</string>
    <string id="timeSitting">Sit</string>    
    <string id="timeStanding">Stnd</string> 
        
    <!-- Recoil Picker -->
    <string id="recoilPickerTitle">Recoil</string>
    <string id="rimfire">Rim</string>
    <string id="low">Low</string>
    <string id="medium">Med</string>
    <string id="high">Hi</string>
    <string id="magnum">Mag</string>    
    <string id="autoR">Auto</string>       
            
    <!-- Mode Picker -->
    <string id="modePickerTitle">Start Mode</string>
    <string id="fixed">Fix</string>
    <string id="random">Rand</string>
    <string id="auto">Auto</string>
    <string id="debug">Diag</string>  
    
    
	<!-- Length Picker -->
    <string id="lengthPickerTitle"># Shots</string>	
    <string id="L5">5</string>
    <string id="L6">6</string>
    <string id="L7">7</string>
    <string id="L8">8</string>
    <string id="L9">9</string>        
    <string id="L19">10</string> 
    <string id="L11">11</string>        
    <string id="L12">12</string> 
    <string id="L13">13</string>    
    <string id="L14">14</string>            
    <string id="L15">15</string>    
    <string id="L16">16</string>        
</resources>
