<resources>
	<menu id="MainMenuATOn">
	    <menu-item id="exit">Exit</menu-item>
    	<menu-item id="T10s">Time 10s</menu-item>
    	<menu-item id="T20s">Time 20s</menu-item>
    	<menu-item id="T30s">Time 30s</menu-item>
    	<menu-item id="T60s">Time 60s</menu-item>
    	<menu-item id="T10m">Time 10m</menu-item>
    	<menu-item id="T30m">Time 30m</menu-item>
    	<menu-item id="T40m">Time 40m</menu-item>
    	<menu-item id="Auto">Auto Trigger ON</menu-item>    	
    	<menu-item id="Debug">Toggle Debug</menu-item>   
	</menu>
	
	<menu id="MainMenuATOff">
	    <menu-item id="exit">Exit</menu-item>
    	<menu-item id="T10s">Time 10s</menu-item>
    	<menu-item id="T20s">Time 20s</menu-item>
    	<menu-item id="T30s">Time 30s</menu-item>
    	<menu-item id="T60s">Time 60s</menu-item>
    	<menu-item id="T10m">Time 10m</menu-item>
    	<menu-item id="T30m">Time 30m</menu-item>
    	<menu-item id="T40m">Time 40m</menu-item>
    	<menu-item id="Auto">Auto Trigger OFF</menu-item>    
    	<menu-item id="Debug">Toggle Debug</menu-item>       		
	</menu>	
</resources>