<!-- This is a generated file. It is highly recommended that you DO NOT edit this file. --><iq:manifest xmlns:iq="http://www.garmin.com/xml/connectiq" version="1">
    <iq:application entry="ShotTimerApp" id="97A3CDE2FD4546F2A9E8B355479C571D" launcherIcon="LauncherIcon" name="AppName" type="watch-app">
        <iq:products>
            <iq:product id="fr235"/>
            <iq:product id="fr230"/>
            <iq:product id="fenix3"/>
            <iq:product id="fenix3_hr"/>
            <iq:product id="d2bravo"/>
            <iq:product id="fr920xt"/>
            <iq:product id="epix"/>
        </iq:products>

        <iq:permissions>
            <iq:uses-permission id="Sensor"/>
        </iq:permissions>

        <iq:languages/>

    </iq:application>
</iq:manifest>
